customer_id,name,city,signup_date
1,Customer 1,Chennai,2026-08-06
2,Customer 2,Pune,2025-12-24
3,Customer 3,Delhi,2026-05-19
4,Customer 4,Chennai,2025-02-19
5,Customer 5,Mumbai,2025-06-25
6,Customer 6,Mumbai,2026-05-28
7,Customer 7,Delhi,2025-04-01
8,Customer 8,Hyderabad,2025-02-03
9,Customer 9,Mumbai,2024-11-04
10,Customer 10,Chennai,2025-06-28
11,Customer 11,Delhi,2025-01-05
12,Customer 12,Delhi,2026-08-25
13,Customer 13,Pune,2026-03-21
14,Customer 14,Chennai,2025-09-17
15,Customer 15,Delhi,2026-01-23
16,Customer 16,Ahmedabad,2025-09-21
17,Customer 17,Mumbai,2025-08-07
18,Customer 18,Mumbai,2025-09-13
19,Customer 19,Hyderabad,2026-07-18
20,Customer 20,Chennai,2025-02-28
21,Customer 21,Mumbai,2025-08-09
22,Customer 22,Mumbai,2025-11-04
23,Customer 23,Pune,2024-12-06
24,Customer 24,Kolkata,2025-08-26
25,Customer 25,Hyderabad,2026-06-21
26,Customer 26,Mumbai,2026-01-10
27,Customer 27,Pune,2026-06-11
28,Customer 28,Kolkata,2026-05-20
29,Customer 29,Bangalore,2025-05-24
30,Customer 30,Chennai,2025-08-23
31,Customer 31,Mumbai,2025-09-02
32,Customer 32,Delhi,2025-12-01
33,Customer 33,Chennai,2024-10-01
34,Customer 34,Chennai,2024-12-16
35,Customer 35,Chennai,2025-03-03
36,Customer 36,Chennai,2026-03-17
37,Customer 37,Bangalore,2025-11-28
38,Customer 38,Ahmedabad,2024-11-14
39,Customer 39,Chennai,2026-01-19
40,Customer 40,Chennai,2026-07-05
41,Customer 41,Delhi,2026-07-30
42,Customer 42,Pune,2025-07-17
43,Customer 43,Delhi,2026-01-27
44,Customer 44,Kolkata,2025-01-28
45,Customer 45,Kolkata,2025-10-13
46,Customer 46,Delhi,2025-04-07
47,Customer 47,Bangalore,2024-11-11
48,Customer 48,Bangalore,2025-12-03
49,Customer 49,Mumbai,2025-02-03
50,Customer 50,Hyderabad,2025-01-10
51,Customer 51,Bangalore,2025-01-11
52,Customer 52,Bangalore,2026-01-19
53,Customer 53,Ahmedabad,2026-04-12
54,Customer 54,Bangalore,2026-05-30
55,Customer 55,Pune,2026-05-11
56,Customer 56,Mumbai,2026-03-21
57,Customer 57,Pune,2025-06-25
58,Customer 58,Hyderabad,2025-08-02
59,Customer 59,Bangalore,2025-05-09
60,Customer 60,Bangalore,2025-02-11
61,Customer 61,Kolkata,2026-08-20
62,Customer 62,Chennai,2026-05-06
63,Customer 63,Chennai,2025-02-28
64,Customer 64,Pune,2024-11-13
65,Customer 65,Delhi,2025-11-04
66,Customer 66,Bangalore,2025-05-24
67,Customer 67,Mumbai,2025-12-05
68,Customer 68,Ahmedabad,2026-03-02
69,Customer 69,Bangalore,2026-05-15
70,Customer 70,Kolkata,2025-10-30
71,Customer 71,Pune,2025-03-30
72,Customer 72,Hyderabad,2026-03-28
73,Customer 73,Delhi,2026-03-19
74,Customer 74,Hyderabad,2025-03-06
75,Customer 75,Kolkata,2024-12-26
76,Customer 76,Delhi,2026-08-12
77,Customer 77,Mumbai,2025-08-25
78,Customer 78,Kolkata,2025-10-21
79,Customer 79,Delhi,2025-12-28
80,Customer 80,Kolkata,2026-06-12
81,Customer 81,Mumbai,2025-04-21
82,Customer 82,Pune,2025-03-04
83,Customer 83,Pune,2026-04-22
84,Customer 84,Chennai,2025-02-15
85,Customer 85,Mumbai,2025-03-09
86,Customer 86,Kolkata,2025-06-24
87,Customer 87,Ahmedabad,2025-02-25
88,Customer 88,Pune,2026-02-07
89,Customer 89,Chennai,2025-07-19
90,Customer 90,Ahmedabad,2024-11-04
91,Customer 91,Delhi,2025-03-20
92,Customer 92,Bangalore,2025-12-21
93,Customer 93,Delhi,2025-09-19
94,Customer 94,Mumbai,2025-02-10
95,Customer 95,Delhi,2026-01-18
96,Customer 96,Mumbai,2024-11-23
97,Customer 97,Mumbai,2026-06-23
98,Customer 98,Kolkata,2025-09-27
99,Customer 99,Mumbai,2025-12-31
100,Customer 100,Delhi,2025-04-21
101,Customer 101,Delhi,2026-04-18
102,Customer 102,Chennai,2025-01-24
103,Customer 103,Hyderabad,2025-12-26
104,Customer 104,Pune,2025-07-11
105,Customer 105,Mumbai,2026-05-24
106,Customer 106,Chennai,2025-09-03
107,Customer 107,Bangalore,2025-05-10
108,Customer 108,Kolkata,2026-07-07
109,Customer 109,Chennai,2024-11-08
110,Customer 110,Mumbai,2025-07-15
111,Customer 111,Chennai,2026-05-12
112,Customer 112,Delhi,2026-02-18
113,Customer 113,Hyderabad,2026-04-10
114,Customer 114,Bangalore,2025-11-19
115,Customer 115,Bangalore,2026-06-15
116,Customer 116,Bangalore,2025-02-14
117,Customer 117,Mumbai,2024-11-02
118,Customer 118,Ahmedabad,2026-08-16
119,Customer 119,Ahmedabad,2026-01-01
120,Customer 120,Mumbai,2025-04-21
121,Customer 121,Bangalore,2025-07-17
122,Customer 122,Kolkata,2026-03-16
123,Customer 123,Delhi,2025-07-28
124,Customer 124,Delhi,2025-05-23
125,Customer 125,Delhi,2025-02-08
126,Customer 126,Chennai,2025-04-20
127,Customer 127,Mumbai,2025-11-01
128,Customer 128,Delhi,2026-07-03
129,Customer 129,Hyderabad,2025-02-22
130,Customer 130,Mumbai,2025-10-14
131,Customer 131,Mumbai,2025-01-10
132,Customer 132,Bangalore,2025-03-06
133,Customer 133,Mumbai,2025-03-29
134,Customer 134,Mumbai,2026-02-22
135,Customer 135,Mumbai,2026-06-23
136,Customer 136,Chennai,2026-01-03
137,Customer 137,Bangalore,2025-01-25
138,Customer 138,Delhi,2024-12-31
139,Customer 139,Mumbai,2026-06-09
140,Customer 140,Bangalore,2025-01-11
141,Customer 141,Hyderabad,2025-10-12
142,Customer 142,Ahmedabad,2026-02-03
143,Customer 143,Chennai,2025-10-14
144,Customer 144,Delhi,2025-07-22
145,Customer 145,Mumbai,2024-11-09
146,Customer 146,Delhi,2025-10-12
147,Customer 147,Kolkata,2026-06-18
148,Customer 148,Mumbai,2024-12-03
149,Customer 149,Ahmedabad,2026-05-21
150,Customer 150,Mumbai,2026-01-25
151,Customer 151,Bangalore,2026-04-18
152,Customer 152,Ahmedabad,2026-06-22
153,Customer 153,Kolkata,2025-08-18
154,Customer 154,Delhi,2025-06-09
155,Customer 155,Pune,2025-10-26
156,Customer 156,Hyderabad,2024-10-31
157,Customer 157,Bangalore,2024-10-17
158,Customer 158,Pune,2025-10-29
159,Customer 159,Ahmedabad,2026-05-17
160,Customer 160,Ahmedabad,2026-04-16
161,Customer 161,Delhi,2026-05-14
162,Customer 162,Pune,2026-03-25
163,Customer 163,Delhi,2024-12-20
164,Customer 164,Delhi,2025-09-14
165,Customer 165,Delhi,2024-11-20
166,Customer 166,Kolkata,2025-04-01
167,Customer 167,Bangalore,2026-07-10
168,Customer 168,Mumbai,2025-06-24
169,Customer 169,Pune,2026-07-17
170,Customer 170,Mumbai,2026-04-20
171,Customer 171,Chennai,2025-12-06
172,Customer 172,Mumbai,2025-06-05
173,Customer 173,Hyderabad,2025-06-20
174,Customer 174,Hyderabad,2026-05-09
175,Customer 175,Mumbai,2026-04-01
176,Customer 176,Hyderabad,2025-08-18
177,Customer 177,Hyderabad,2026-04-02
178,Customer 178,Bangalore,2026-07-20
179,Customer 179,Delhi,2026-07-22
180,Customer 180,Kolkata,2026-01-28
181,Customer 181,Chennai,2024-10-18
182,Customer 182,Mumbai,2025-02-04
183,Customer 183,Kolkata,2025-07-11
184,Customer 184,Ahmedabad,2026-03-26
185,Customer 185,Kolkata,2026-01-01
186,Customer 186,Kolkata,2026-03-03
187,Customer 187,Kolkata,2026-08-06
188,Customer 188,Mumbai,2025-09-25
189,Customer 189,Pune,2025-07-06
190,Customer 190,Pune,2025-12-20
191,Customer 191,Delhi,2026-05-13
192,Customer 192,Bangalore,2026-07-23
193,Customer 193,Kolkata,2026-01-16
194,Customer 194,Mumbai,2025-05-17
195,Customer 195,Delhi,2026-01-10
196,Customer 196,Delhi,2024-10-25
197,Customer 197,Mumbai,2025-09-29
198,Customer 198,Delhi,2026-06-21
199,Customer 199,Ahmedabad,2025-11-19
200,Customer 200,Delhi,2025-03-28
201,Customer 201,Bangalore,2025-02-28
202,Customer 202,Delhi,2026-08-03
203,Customer 203,Mumbai,2025-12-07
204,Customer 204,Mumbai,2025-12-03
205,Customer 205,Mumbai,2024-12-29
206,Customer 206,Bangalore,2025-10-14
207,Customer 207,Bangalore,2025-03-26
208,Customer 208,Mumbai,2025-01-18
209,Customer 209,Mumbai,2026-07-17
210,Customer 210,Chennai,2026-08-30
211,Customer 211,Bangalore,2025-02-26
212,Customer 212,Chennai,2024-10-14
213,Customer 213,Mumbai,2025-06-16
214,Customer 214,Mumbai,2024-10-20
215,Customer 215,Kolkata,2024-12-01
216,Customer 216,Delhi,2026-04-26
217,Customer 217,Chennai,2025-10-28
218,Customer 218,Bangalore,2024-10-18
219,Customer 219,Bangalore,2025-07-15
220,Customer 220,Chennai,2025-02-10
221,Customer 221,Mumbai,2025-06-27
222,Customer 222,Chennai,2025-08-08
223,Customer 223,Chennai,2026-03-06
224,Customer 224,Hyderabad,2025-10-27
225,Customer 225,Bangalore,2026-08-31
226,Customer 226,Delhi,2026-01-28
227,Customer 227,Bangalore,2025-01-15
228,Customer 228,Hyderabad,2025-10-06
229,Customer 229,Bangalore,2025-06-05
230,Customer 230,Chennai,2025-03-26
231,Customer 231,Bangalore,2026-03-11
232,Customer 232,Chennai,2025-11-14
233,Customer 233,Bangalore,2024-11-21
234,Customer 234,Hyderabad,2026-05-28
235,Customer 235,Pune,2026-01-03
236,Customer 236,Chennai,2026-01-13
237,Customer 237,Pune,2026-04-03
238,Customer 238,Mumbai,2025-12-24
239,Customer 239,Ahmedabad,2024-12-14
240,Customer 240,Pune,2026-06-18
241,Customer 241,Bangalore,2024-11-25
242,Customer 242,Hyderabad,2025-08-03
243,Customer 243,Bangalore,2025-12-25
244,Customer 244,Mumbai,2026-08-26
245,Customer 245,Kolkata,2026-05-14
246,Customer 246,Pune,2026-01-19
247,Customer 247,Mumbai,2025-03-19
248,Customer 248,Bangalore,2025-02-07
249,Customer 249,Delhi,2026-04-29
250,Customer 250,Bangalore,2025-05-13
251,Customer 251,Chennai,2025-02-05
252,Customer 252,Hyderabad,2025-06-04
253,Customer 253,Hyderabad,2025-04-02
254,Customer 254,Bangalore,2025-02-16
255,Customer 255,Bangalore,2026-03-22
256,Customer 256,Pune,2025-05-02
257,Customer 257,Bangalore,2025-12-21
258,Customer 258,Pune,2025-11-21
259,Customer 259,Pune,2025-03-16
260,Customer 260,Bangalore,2025-12-30
261,Customer 261,Delhi,2026-06-13
262,Customer 262,Chennai,2026-01-03
263,Customer 263,Delhi,2025-10-08
264,Customer 264,Kolkata,2026-06-10
265,Customer 265,Mumbai,2026-01-07
266,Customer 266,Bangalore,2026-03-28
267,Customer 267,Chennai,2026-06-27
268,Customer 268,Bangalore,2025-09-27
269,Customer 269,Hyderabad,2025-07-02
270,Customer 270,Mumbai,2025-06-27
271,Customer 271,Bangalore,2025-01-10
272,Customer 272,Ahmedabad,2026-08-11
273,Customer 273,Kolkata,2025-01-19
274,Customer 274,Bangalore,2026-08-25
275,Customer 275,Ahmedabad,2025-10-30
276,Customer 276,Pune,2025-06-28
277,Customer 277,Hyderabad,2025-02-18
278,Customer 278,Pune,2026-01-18
279,Customer 279,Bangalore,2025-11-25
280,Customer 280,Bangalore,2026-08-02
281,Customer 281,Bangalore,2024-10-16
282,Customer 282,Chennai,2025-07-13
283,Customer 283,Chennai,2025-05-10
284,Customer 284,Kolkata,2024-12-02
285,Customer 285,Hyderabad,2025-07-24
286,Customer 286,Hyderabad,2024-10-22
287,Customer 287,Mumbai,2024-11-11
288,Customer 288,Bangalore,2025-05-16
289,Customer 289,Mumbai,2025-12-08
290,Customer 290,Delhi,2026-01-27
291,Customer 291,Bangalore,2025-09-20
292,Customer 292,Pune,2025-08-08
293,Customer 293,Delhi,2025-06-26
294,Customer 294,Delhi,2026-06-09
295,Customer 295,Bangalore,2025-02-25
296,Customer 296,Mumbai,2025-09-07
297,Customer 297,Delhi,2026-06-22
298,Customer 298,Pune,2024-11-02
299,Customer 299,Mumbai,2026-07-31
300,Customer 300,Ahmedabad,2026-02-08
301,Customer 301,Pune,2024-12-03
302,Customer 302,Mumbai,2026-04-24
303,Customer 303,Bangalore,2026-05-06
304,Customer 304,Hyderabad,2026-01-20
305,Customer 305,Bangalore,2025-12-12
306,Customer 306,Pune,2026-03-13
307,Customer 307,Hyderabad,2026-05-06
308,Customer 308,Pune,2026-03-17
309,Customer 309,Ahmedabad,2026-05-13
310,Customer 310,Hyderabad,2025-10-16
311,Customer 311,Hyderabad,2025-08-12
312,Customer 312,Bangalore,2026-02-09
313,Customer 313,Mumbai,2024-11-27
314,Customer 314,Delhi,2025-10-27
315,Customer 315,Kolkata,2024-12-25
316,Customer 316,Pune,2025-01-29
317,Customer 317,Pune,2025-09-10
318,Customer 318,Hyderabad,2024-10-23
319,Customer 319,Delhi,2025-03-31
320,Customer 320,Chennai,2026-08-19
321,Customer 321,Pune,2025-04-17
322,Customer 322,Mumbai,2025-08-26
323,Customer 323,Chennai,2025-05-18
324,Customer 324,Chennai,2025-06-12
325,Customer 325,Mumbai,2025-03-15
326,Customer 326,Ahmedabad,2025-11-28
327,Customer 327,Hyderabad,2025-02-26
328,Customer 328,Pune,2025-05-12
329,Customer 329,Bangalore,2025-01-02
330,Customer 330,Delhi,2025-12-23
331,Customer 331,Pune,2026-06-04
332,Customer 332,Delhi,2025-05-27
333,Customer 333,Delhi,2025-05-13
334,Customer 334,Hyderabad,2024-10-16
335,Customer 335,Delhi,2026-08-02
336,Customer 336,Bangalore,2025-10-03
337,Customer 337,Mumbai,2026-01-26
338,Customer 338,Delhi,2025-12-10
339,Customer 339,Delhi,2024-12-29
340,Customer 340,Chennai,2025-11-22
341,Customer 341,Hyderabad,2025-03-20
342,Customer 342,Ahmedabad,2026-06-05
343,Customer 343,Delhi,2025-07-11
344,Customer 344,Bangalore,2025-12-28
345,Customer 345,Chennai,2024-11-08
346,Customer 346,Chennai,2025-05-30
347,Customer 347,Pune,2026-05-28
348,Customer 348,Delhi,2025-07-13
349,Customer 349,Chennai,2025-10-22
350,Customer 350,Chennai,2025-08-19
351,Customer 351,Bangalore,2025-03-06
352,Customer 352,Delhi,2025-02-14
353,Customer 353,Delhi,2025-05-24
354,Customer 354,Delhi,2025-12-17
355,Customer 355,Delhi,2026-02-15
356,Customer 356,Delhi,2025-03-01
357,Customer 357,Ahmedabad,2026-02-23
358,Customer 358,Mumbai,2025-04-23
359,Customer 359,Delhi,2025-01-05
360,Customer 360,Ahmedabad,2025-03-12
361,Customer 361,Hyderabad,2026-05-21
362,Customer 362,Pune,2025-11-01
363,Customer 363,Delhi,2026-03-01
364,Customer 364,Delhi,2025-03-03
365,Customer 365,Mumbai,2026-07-16
366,Customer 366,Ahmedabad,2025-02-11
367,Customer 367,Delhi,2026-04-24
368,Customer 368,Chennai,2025-04-16
369,Customer 369,Mumbai,2026-08-19
370,Customer 370,Hyderabad,2025-05-08
371,Customer 371,Bangalore,2025-09-17
372,Customer 372,Mumbai,2026-07-10
373,Customer 373,Delhi,2025-04-29
374,Customer 374,Mumbai,2026-06-26
375,Customer 375,Bangalore,2026-06-17
376,Customer 376,Hyderabad,2026-07-08
377,Customer 377,Mumbai,2025-02-01
378,Customer 378,Ahmedabad,2026-06-05
379,Customer 379,Ahmedabad,2026-05-02
380,Customer 380,Hyderabad,2025-07-01
381,Customer 381,Hyderabad,2024-12-06
382,Customer 382,Delhi,2025-03-14
383,Customer 383,Bangalore,2025-06-04
384,Customer 384,Delhi,2025-01-06
385,Customer 385,Ahmedabad,2025-10-23
386,Customer 386,Hyderabad,2026-07-01
387,Customer 387,Hyderabad,2026-05-22
388,Customer 388,Ahmedabad,2026-01-31
389,Customer 389,Hyderabad,2025-12-04
390,Customer 390,Chennai,2026-03-24
391,Customer 391,Delhi,2025-02-12
392,Customer 392,Mumbai,2026-08-29
393,Customer 393,Bangalore,2024-12-31
394,Customer 394,Bangalore,2026-07-29
395,Customer 395,Delhi,2025-11-15
396,Customer 396,Chennai,2025-05-24
397,Customer 397,Mumbai,2026-01-04
398,Customer 398,Kolkata,2024-11-29
399,Customer 399,Hyderabad,2026-02-10
400,Customer 400,Bangalore,2025-02-20
401,Customer 401,Delhi,2026-04-01
402,Customer 402,Kolkata,2026-04-08
403,Customer 403,Mumbai,2026-03-15
404,Customer 404,Pune,2024-12-30
405,Customer 405,Pune,2025-01-26
406,Customer 406,Kolkata,2025-06-08
407,Customer 407,Mumbai,2025-10-24
408,Customer 408,Chennai,2025-11-26
409,Customer 409,Bangalore,2025-04-13
410,Customer 410,Bangalore,2024-12-27
411,Customer 411,Mumbai,2025-06-15
412,Customer 412,Pune,2024-12-21
413,Customer 413,Delhi,2026-05-30
414,Customer 414,Delhi,2024-10-10
415,Customer 415,Pune,2025-01-19
416,Customer 416,Hyderabad,2026-08-10
417,Customer 417,Ahmedabad,2024-10-12
418,Customer 418,Pune,2025-01-18
419,Customer 419,Mumbai,2026-03-05
420,Customer 420,Bangalore,2024-11-02
421,Customer 421,Bangalore,2025-11-20
422,Customer 422,Mumbai,2025-01-09
423,Customer 423,Bangalore,2025-04-15
424,Customer 424,Ahmedabad,2025-05-07
425,Customer 425,Delhi,2025-09-24
426,Customer 426,Delhi,2026-05-16
427,Customer 427,Kolkata,2025-09-28
428,Customer 428,Bangalore,2025-04-11
429,Customer 429,Delhi,2025-07-17
430,Customer 430,Pune,2025-02-14
431,Customer 431,Mumbai,2026-06-02
432,Customer 432,Delhi,2025-10-04
433,Customer 433,Mumbai,2025-07-14
434,Customer 434,Kolkata,2026-08-30
435,Customer 435,Chennai,2025-02-22
436,Customer 436,Bangalore,2026-07-07
437,Customer 437,Mumbai,2025-08-26
438,Customer 438,Hyderabad,2025-04-08
439,Customer 439,Hyderabad,2026-07-10
440,Customer 440,Delhi,2025-02-15
441,Customer 441,Mumbai,2025-11-10
442,Customer 442,Bangalore,2025-04-22
443,Customer 443,Mumbai,2024-11-24
444,Customer 444,Hyderabad,2025-12-29
445,Customer 445,Chennai,2025-10-17
446,Customer 446,Hyderabad,2025-02-12
447,Customer 447,Bangalore,2026-01-13
448,Customer 448,Ahmedabad,2026-05-07
449,Customer 449,Bangalore,2026-05-03
450,Customer 450,Chennai,2026-03-27
451,Customer 451,Bangalore,2025-11-06
452,Customer 452,Bangalore,2025-11-25
453,Customer 453,Bangalore,2025-04-24
454,Customer 454,Ahmedabad,2025-12-25
455,Customer 455,Bangalore,2026-04-05
456,Customer 456,Bangalore,2024-12-26
457,Customer 457,Bangalore,2026-04-14
458,Customer 458,Kolkata,2025-11-22
459,Customer 459,Pune,2025-07-03
460,Customer 460,Delhi,2025-03-30
461,Customer 461,Delhi,2026-08-29
462,Customer 462,Delhi,2025-10-30
463,Customer 463,Pune,2025-01-15
464,Customer 464,Ahmedabad,2025-04-17
465,Customer 465,Kolkata,2025-05-31
466,Customer 466,Hyderabad,2025-09-12
467,Customer 467,Delhi,2025-02-21
468,Customer 468,Delhi,2025-10-06
469,Customer 469,Kolkata,2025-12-30
470,Customer 470,Hyderabad,2026-01-04
471,Customer 471,Kolkata,2025-07-07
472,Customer 472,Mumbai,2025-05-04
473,Customer 473,Chennai,2025-08-06
474,Customer 474,Bangalore,2024-10-21
475,Customer 475,Pune,2024-11-02
476,Customer 476,Ahmedabad,2025-04-11
477,Customer 477,Ahmedabad,2026-04-24
478,Customer 478,Bangalore,2025-01-04
479,Customer 479,Delhi,2026-05-21
480,Customer 480,Kolkata,2025-06-07
481,Customer 481,Mumbai,2025-05-21
482,Customer 482,Mumbai,2026-04-06
483,Customer 483,Bangalore,2024-10-30
484,Customer 484,Ahmedabad,2026-06-16
485,Customer 485,Bangalore,2025-12-03
486,Customer 486,Delhi,2025-07-20
487,Customer 487,Chennai,2025-09-29
488,Customer 488,Kolkata,2025-03-03
489,Customer 489,Bangalore,2025-10-11
490,Customer 490,Hyderabad,2025-04-19
491,Customer 491,Kolkata,2026-07-26
492,Customer 492,Hyderabad,2026-01-03
493,Customer 493,Chennai,2025-11-10
494,Customer 494,Ahmedabad,2026-05-31
495,Customer 495,Bangalore,2026-05-23
496,Customer 496,Pune,2026-05-21
497,Customer 497,Bangalore,2025-10-29
498,Customer 498,Kolkata,2026-07-15
499,Customer 499,Delhi,2026-07-05
500,Customer 500,Delhi,2025-08-13
501,Customer 501,Bangalore,2025-12-24
502,Customer 502,Hyderabad,2025-01-29
503,Customer 503,Chennai,2026-02-28
504,Customer 504,Mumbai,2026-06-12
505,Customer 505,Hyderabad,2025-08-05
506,Customer 506,Hyderabad,2025-12-28
507,Customer 507,Bangalore,2025-01-11
508,Customer 508,Mumbai,2025-05-16
509,Customer 509,Chennai,2025-05-18
510,Customer 510,Delhi,2026-08-22
511,Customer 511,Kolkata,2025-05-12
512,Customer 512,Kolkata,2024-10-07
513,Customer 513,Hyderabad,2026-06-17
514,Customer 514,Bangalore,2025-09-12
515,Customer 515,Ahmedabad,2025-10-29
516,Customer 516,Chennai,2025-06-23
517,Customer 517,Chennai,2025-05-21
518,Customer 518,Pune,2026-02-09
519,Customer 519,Ahmedabad,2025-04-24
520,Customer 520,Mumbai,2025-08-06
521,Customer 521,Hyderabad,2025-01-20
522,Customer 522,Delhi,2025-11-02
523,Customer 523,Mumbai,2024-10-26
524,Customer 524,Bangalore,2026-08-23
525,Customer 525,Hyderabad,2026-07-12
526,Customer 526,Kolkata,2025-04-10
527,Customer 527,Pune,2025-11-11
528,Customer 528,Pune,2026-01-08
529,Customer 529,Hyderabad,2025-09-05
530,Customer 530,Delhi,2026-02-18
531,Customer 531,Hyderabad,2024-10-06
532,Customer 532,Pune,2024-10-25
533,Customer 533,Chennai,2026-04-13
534,Customer 534,Hyderabad,2024-11-27
535,Customer 535,Chennai,2025-10-19
536,Customer 536,Pune,2026-07-28
537,Customer 537,Hyderabad,2026-04-19
538,Customer 538,Mumbai,2025-11-02
539,Customer 539,Delhi,2025-07-02
540,Customer 540,Mumbai,2026-04-18
541,Customer 541,Pune,2025-08-22
542,Customer 542,Hyderabad,2025-11-25
543,Customer 543,Pune,2025-12-11
544,Customer 544,Kolkata,2025-04-25
545,Customer 545,Ahmedabad,2025-11-02
546,Customer 546,Pune,2025-09-19
547,Customer 547,Pune,2025-05-09
548,Customer 548,Ahmedabad,2026-04-09
549,Customer 549,Pune,2026-01-12
550,Customer 550,Kolkata,2024-10-10
551,Customer 551,Ahmedabad,2025-02-07
552,Customer 552,Delhi,2025-07-23
553,Customer 553,Mumbai,2025-02-28
554,Customer 554,Mumbai,2025-08-19
555,Customer 555,Chennai,2024-10-12
556,Customer 556,Delhi,2025-08-06
557,Customer 557,Pune,2025-08-16
558,Customer 558,Mumbai,2026-01-04
559,Customer 559,Bangalore,2024-12-05
560,Customer 560,Kolkata,2025-02-03
561,Customer 561,Delhi,2024-12-15
562,Customer 562,Delhi,2026-06-28
563,Customer 563,Chennai,2025-05-13
564,Customer 564,Kolkata,2025-10-26
565,Customer 565,Chennai,2026-05-04
566,Customer 566,Mumbai,2026-07-24
567,Customer 567,Delhi,2025-04-14
568,Customer 568,Mumbai,2026-01-03
569,Customer 569,Kolkata,2026-04-15
570,Customer 570,Bangalore,2025-08-17
571,Customer 571,Chennai,2025-02-24
572,Customer 572,Bangalore,2026-03-26
573,Customer 573,Kolkata,2024-10-30
574,Customer 574,Mumbai,2025-04-17
575,Customer 575,Hyderabad,2025-11-18
576,Customer 576,Mumbai,2025-08-17
577,Customer 577,Delhi,2025-06-02
578,Customer 578,Ahmedabad,2025-08-25
579,Customer 579,Mumbai,2025-08-20
580,Customer 580,Hyderabad,2024-11-09
581,Customer 581,Delhi,2025-07-20
582,Customer 582,Delhi,2026-04-28
583,Customer 583,Ahmedabad,2025-05-23
584,Customer 584,Mumbai,2026-01-26
585,Customer 585,Chennai,2024-12-28
586,Customer 586,Ahmedabad,2026-07-11
587,Customer 587,Pune,2025-12-25
588,Customer 588,Ahmedabad,2025-01-30
589,Customer 589,Delhi,2025-02-10
590,Customer 590,Delhi,2026-01-22
591,Customer 591,Pune,2026-01-05
592,Customer 592,Delhi,2026-04-02
593,Customer 593,Pune,2024-12-29
594,Customer 594,Mumbai,2026-04-05
595,Customer 595,Ahmedabad,2025-02-24
596,Customer 596,Delhi,2026-03-06
597,Customer 597,Mumbai,2026-08-05
598,Customer 598,Mumbai,2025-08-30
599,Customer 599,Pune,2025-12-31
600,Customer 600,Hyderabad,2026-08-15
601,Customer 601,Mumbai,2026-07-09
602,Customer 602,Mumbai,2025-06-26
603,Customer 603,Bangalore,2026-06-27
604,Customer 604,Bangalore,2025-08-26
605,Customer 605,Bangalore,2026-05-12
606,Customer 606,Bangalore,2026-01-17
607,Customer 607,Ahmedabad,2026-07-18
608,Customer 608,Chennai,2024-10-26
609,Customer 609,Bangalore,2025-05-19
610,Customer 610,Chennai,2026-07-31
611,Customer 611,Mumbai,2025-04-28
612,Customer 612,Pune,2025-06-21
613,Customer 613,Chennai,2025-04-16
614,Customer 614,Chennai,2025-06-03
615,Customer 615,Mumbai,2026-06-10
616,Customer 616,Delhi,2026-04-02
617,Customer 617,Mumbai,2025-11-23
618,Customer 618,Hyderabad,2025-01-09
619,Customer 619,Hyderabad,2025-10-03
620,Customer 620,Bangalore,2024-12-28
621,Customer 621,Hyderabad,2025-05-24
622,Customer 622,Bangalore,2025-06-17
623,Customer 623,Mumbai,2026-05-06
624,Customer 624,Kolkata,2024-11-03
625,Customer 625,Kolkata,2025-02-13
626,Customer 626,Chennai,2026-01-23
627,Customer 627,Bangalore,2026-01-10
628,Customer 628,Bangalore,2025-05-24
629,Customer 629,Bangalore,2026-05-26
630,Customer 630,Delhi,2025-10-15
631,Customer 631,Chennai,2025-08-13
632,Customer 632,Ahmedabad,2025-05-03
633,Customer 633,Mumbai,2026-06-05
634,Customer 634,Mumbai,2026-05-25
635,Customer 635,Pune,2025-08-15
636,Customer 636,Pune,2025-02-08
637,Customer 637,Mumbai,2025-02-02
638,Customer 638,Hyderabad,2024-10-14
639,Customer 639,Mumbai,2025-09-03
640,Customer 640,Kolkata,2025-06-24
641,Customer 641,Kolkata,2026-07-10
642,Customer 642,Ahmedabad,2024-12-25
643,Customer 643,Delhi,2026-05-17
644,Customer 644,Hyderabad,2026-01-26
645,Customer 645,Mumbai,2025-04-25
646,Customer 646,Delhi,2026-05-13
647,Customer 647,Delhi,2025-02-08
648,Customer 648,Delhi,2025-11-19
649,Customer 649,Hyderabad,2025-06-18
650,Customer 650,Pune,2024-12-03
651,Customer 651,Hyderabad,2024-11-11
652,Customer 652,Hyderabad,2024-12-16
653,Customer 653,Kolkata,2025-12-01
654,Customer 654,Mumbai,2025-11-25
655,Customer 655,Chennai,2025-10-19
656,Customer 656,Kolkata,2025-09-06
657,Customer 657,Mumbai,2026-04-07
658,Customer 658,Hyderabad,2025-07-17
659,Customer 659,Mumbai,2024-11-21
660,Customer 660,Ahmedabad,2026-05-30
661,Customer 661,Pune,2026-01-23
662,Customer 662,Delhi,2025-05-24
663,Customer 663,Delhi,2025-08-18
664,Customer 664,Delhi,2025-10-03
665,Customer 665,Pune,2025-01-27
666,Customer 666,Hyderabad,2026-07-09
667,Customer 667,Mumbai,2024-12-07
668,Customer 668,Mumbai,2026-06-09
669,Customer 669,Delhi,2024-10-23
670,Customer 670,Bangalore,2024-12-18
671,Customer 671,Bangalore,2025-11-25
672,Customer 672,Delhi,2025-03-25
673,Customer 673,Mumbai,2025-06-17
674,Customer 674,Mumbai,2024-10-06
675,Customer 675,Chennai,2025-04-20
676,Customer 676,Bangalore,2025-10-20
677,Customer 677,Mumbai,2025-07-23
678,Customer 678,Ahmedabad,2026-07-06
679,Customer 679,Mumbai,2025-10-27
680,Customer 680,Ahmedabad,2026-04-13
681,Customer 681,Pune,2025-11-08
682,Customer 682,Delhi,2026-08-24
683,Customer 683,Bangalore,2025-06-17
684,Customer 684,Mumbai,2025-08-07
685,Customer 685,Hyderabad,2026-01-08
686,Customer 686,Bangalore,2024-10-16
687,Customer 687,Pune,2026-06-19
688,Customer 688,Bangalore,2026-07-19
689,Customer 689,Bangalore,2025-05-18
690,Customer 690,Kolkata,2025-10-15
691,Customer 691,Hyderabad,2025-01-21
692,Customer 692,Bangalore,2024-11-14
693,Customer 693,Bangalore,2026-05-06
694,Customer 694,Bangalore,2025-10-03
695,Customer 695,Mumbai,2024-12-07
696,Customer 696,Bangalore,2025-08-26
697,Customer 697,Mumbai,2026-05-15
698,Customer 698,Delhi,2025-01-05
699,Customer 699,Bangalore,2026-06-12
700,Customer 700,Bangalore,2025-10-18
701,Customer 701,Pune,2026-01-17
702,Customer 702,Delhi,2026-03-12
703,Customer 703,Mumbai,2024-11-21
704,Customer 704,Mumbai,2025-03-27
705,Customer 705,Mumbai,2025-09-08
706,Customer 706,Delhi,2024-11-09
707,Customer 707,Pune,2026-01-02
708,Customer 708,Mumbai,2025-12-12
709,Customer 709,Mumbai,2024-12-23
710,Customer 710,Mumbai,2024-10-29
711,Customer 711,Mumbai,2024-11-26
712,Customer 712,Bangalore,2025-01-31
713,Customer 713,Pune,2025-05-29
714,Customer 714,Chennai,2025-01-30
715,Customer 715,Chennai,2024-11-30
716,Customer 716,Delhi,2024-11-27
717,Customer 717,Delhi,2025-06-07
718,Customer 718,Mumbai,2025-06-05
719,Customer 719,Chennai,2025-11-23
720,Customer 720,Hyderabad,2025-09-05
721,Customer 721,Bangalore,2025-10-18
722,Customer 722,Bangalore,2026-07-24
723,Customer 723,Mumbai,2025-11-11
724,Customer 724,Mumbai,2026-05-31
725,Customer 725,Hyderabad,2025-03-30
726,Customer 726,Bangalore,2025-01-14
727,Customer 727,Hyderabad,2026-07-20
728,Customer 728,Bangalore,2025-01-23
729,Customer 729,Chennai,2025-10-06
730,Customer 730,Hyderabad,2025-04-05
731,Customer 731,Mumbai,2026-06-29
732,Customer 732,Bangalore,2025-09-14
733,Customer 733,Ahmedabad,2026-06-06
734,Customer 734,Bangalore,2026-03-08
735,Customer 735,Mumbai,2025-06-09
736,Customer 736,Ahmedabad,2025-03-13
737,Customer 737,Bangalore,2026-03-22
738,Customer 738,Delhi,2025-11-15
739,Customer 739,Bangalore,2025-09-19
740,Customer 740,Chennai,2026-07-09
741,Customer 741,Pune,2024-11-07
742,Customer 742,Delhi,2025-09-28
743,Customer 743,Mumbai,2024-10-06
744,Customer 744,Bangalore,2025-12-16
745,Customer 745,Chennai,2024-10-28
746,Customer 746,Ahmedabad,2024-12-22
747,Customer 747,Kolkata,2025-09-24
748,Customer 748,Mumbai,2024-10-21
749,Customer 749,Mumbai,2025-09-07
750,Customer 750,Delhi,2024-10-29
751,Customer 751,Chennai,2025-07-26
752,Customer 752,Mumbai,2026-06-06
753,Customer 753,Delhi,2025-08-11
754,Customer 754,Chennai,2025-09-29
755,Customer 755,Pune,2024-10-14
756,Customer 756,Chennai,2025-03-10
757,Customer 757,Mumbai,2024-10-14
758,Customer 758,Bangalore,2025-08-26
759,Customer 759,Mumbai,2025-10-19
760,Customer 760,Mumbai,2026-01-24
761,Customer 761,Delhi,2025-04-21
762,Customer 762,Mumbai,2026-04-13
763,Customer 763,Mumbai,2025-11-02
764,Customer 764,Pune,2026-05-20
765,Customer 765,Bangalore,2025-02-25
766,Customer 766,Pune,2025-03-10
767,Customer 767,Mumbai,2025-09-21
768,Customer 768,Kolkata,2024-12-07
769,Customer 769,Mumbai,2025-08-11
770,Customer 770,Mumbai,2026-02-27
771,Customer 771,Pune,2024-11-30
772,Customer 772,Pune,2026-03-15
773,Customer 773,Chennai,2026-07-18
774,Customer 774,Bangalore,2024-10-08
775,Customer 775,Chennai,2025-06-03
776,Customer 776,Hyderabad,2025-05-29
777,Customer 777,Delhi,2025-12-30
778,Customer 778,Delhi,2025-05-08
779,Customer 779,Kolkata,2026-02-14
780,Customer 780,Delhi,2025-01-24
781,Customer 781,Ahmedabad,2025-05-16
782,Customer 782,Pune,2025-08-05
783,Customer 783,Bangalore,2025-06-29
784,Customer 784,Ahmedabad,2026-02-08
785,Customer 785,Pune,2026-04-12
786,Customer 786,Kolkata,2026-07-09
787,Customer 787,Chennai,2025-08-16
788,Customer 788,Hyderabad,2026-05-18
789,Customer 789,Chennai,2025-03-21
790,Customer 790,Kolkata,2025-11-13
791,Customer 791,Mumbai,2026-03-20
792,Customer 792,Delhi,2025-03-24
793,Customer 793,Mumbai,2025-06-10
794,Customer 794,Mumbai,2026-01-16
795,Customer 795,Pune,2025-09-08
796,Customer 796,Ahmedabad,2025-07-03
797,Customer 797,Mumbai,2025-04-04
798,Customer 798,Delhi,2025-08-01
799,Customer 799,Ahmedabad,2025-08-13
800,Customer 800,Delhi,2025-10-09
801,Customer 801,Ahmedabad,2024-11-04
802,Customer 802,Delhi,2026-04-04
803,Customer 803,Mumbai,2025-11-11
804,Customer 804,Kolkata,2025-05-05
805,Customer 805,Chennai,2026-04-11
806,Customer 806,Pune,2025-05-08
807,Customer 807,Bangalore,2026-08-26
808,Customer 808,Kolkata,2026-08-12
809,Customer 809,Delhi,2026-03-31
810,Customer 810,Hyderabad,2024-12-16
811,Customer 811,Bangalore,2026-05-10
812,Customer 812,Pune,2025-12-31
813,Customer 813,Delhi,2026-07-14
814,Customer 814,Delhi,2024-11-15
815,Customer 815,Pune,2025-05-20
816,Customer 816,Mumbai,2025-04-07
817,Customer 817,Hyderabad,2026-08-15
818,Customer 818,Chennai,2025-01-20
819,Customer 819,Delhi,2026-04-06
820,Customer 820,Delhi,2026-08-30
821,Customer 821,Hyderabad,2025-12-28
822,Customer 822,Hyderabad,2026-02-21
823,Customer 823,Chennai,2026-06-05
824,Customer 824,Bangalore,2025-08-27
825,Customer 825,Mumbai,2025-03-11
826,Customer 826,Hyderabad,2025-03-30
827,Customer 827,Hyderabad,2025-07-28
828,Customer 828,Kolkata,2026-07-18
829,Customer 829,Chennai,2025-08-14
830,Customer 830,Delhi,2026-08-15
831,Customer 831,Delhi,2026-06-23
832,Customer 832,Delhi,2024-10-28
833,Customer 833,Hyderabad,2025-01-13
834,Customer 834,Pune,2025-09-25
835,Customer 835,Mumbai,2025-09-05
836,Customer 836,Hyderabad,2024-11-11
837,Customer 837,Mumbai,2025-05-13
838,Customer 838,Ahmedabad,2025-04-28
839,Customer 839,Chennai,2026-04-15
840,Customer 840,Mumbai,2025-05-20
841,Customer 841,Mumbai,2026-02-06
842,Customer 842,Mumbai,2026-02-08
843,Customer 843,Kolkata,2025-10-12
844,Customer 844,Ahmedabad,2025-03-22
845,Customer 845,Bangalore,2025-02-21
846,Customer 846,Bangalore,2026-07-25
847,Customer 847,Pune,2026-02-17
848,Customer 848,Delhi,2026-07-14
849,Customer 849,Kolkata,2025-09-26
850,Customer 850,Delhi,2025-08-20
851,Customer 851,Bangalore,2025-07-18
852,Customer 852,Pune,2025-08-01
853,Customer 853,Delhi,2026-02-21
854,Customer 854,Bangalore,2025-04-09
855,Customer 855,Delhi,2025-03-18
856,Customer 856,Delhi,2026-06-08
857,Customer 857,Chennai,2026-06-12
858,Customer 858,Bangalore,2026-02-28
859,Customer 859,Hyderabad,2025-10-07
860,Customer 860,Mumbai,2025-09-30
861,Customer 861,Chennai,2025-10-22
862,Customer 862,Bangalore,2025-06-21
863,Customer 863,Mumbai,2025-06-03
864,Customer 864,Delhi,2026-07-19
865,Customer 865,Chennai,2025-09-04
866,Customer 866,Hyderabad,2025-06-12
867,Customer 867,Delhi,2026-07-04
868,Customer 868,Mumbai,2024-11-17
869,Customer 869,Bangalore,2025-03-24
870,Customer 870,Pune,2024-10-05
871,Customer 871,Mumbai,2026-07-31
872,Customer 872,Mumbai,2024-12-17
873,Customer 873,Chennai,2025-06-09
874,Customer 874,Mumbai,2026-06-24
875,Customer 875,Delhi,2024-11-09
876,Customer 876,Delhi,2025-08-04
877,Customer 877,Ahmedabad,2026-07-29
878,Customer 878,Hyderabad,2024-10-05
879,Customer 879,Bangalore,2025-08-17
880,Customer 880,Delhi,2026-06-14
881,Customer 881,Hyderabad,2025-03-07
882,Customer 882,Delhi,2025-10-14
883,Customer 883,Chennai,2025-12-19
884,Customer 884,Ahmedabad,2026-08-05
885,Customer 885,Pune,2025-04-07
886,Customer 886,Bangalore,2025-02-02
887,Customer 887,Mumbai,2025-12-08
888,Customer 888,Chennai,2026-01-24
889,Customer 889,Ahmedabad,2025-11-12
890,Customer 890,Chennai,2025-04-16
891,Customer 891,Delhi,2026-04-15
892,Customer 892,Kolkata,2025-05-26
893,Customer 893,Mumbai,2025-06-02
894,Customer 894,Ahmedabad,2024-10-02
895,Customer 895,Ahmedabad,2025-10-08
896,Customer 896,Chennai,2026-06-26
897,Customer 897,Hyderabad,2025-11-07
898,Customer 898,Kolkata,2026-03-23
899,Customer 899,Chennai,2024-11-16
900,Customer 900,Mumbai,2025-08-26
901,Customer 901,Bangalore,2026-04-29
902,Customer 902,Ahmedabad,2026-04-11
903,Customer 903,Delhi,2025-04-13
904,Customer 904,Mumbai,2025-02-10
905,Customer 905,Hyderabad,2025-05-10
906,Customer 906,Pune,2025-02-13
907,Customer 907,Mumbai,2026-06-04
908,Customer 908,Mumbai,2025-07-20
909,Customer 909,Ahmedabad,2025-04-28
910,Customer 910,Bangalore,2025-07-08
911,Customer 911,Pune,2026-06-17
912,Customer 912,Mumbai,2025-10-11
913,Customer 913,Chennai,2025-05-28
914,Customer 914,Bangalore,2025-03-20
915,Customer 915,Delhi,2025-02-13
916,Customer 916,Chennai,2026-02-26
917,Customer 917,Pune,2026-04-21
918,Customer 918,Bangalore,2026-07-06
919,Customer 919,Pune,2025-03-19
920,Customer 920,Mumbai,2026-03-16
921,Customer 921,Mumbai,2026-01-13
922,Customer 922,Delhi,2025-03-18
923,Customer 923,Kolkata,2026-06-12
924,Customer 924,Delhi,2024-11-19
925,Customer 925,Ahmedabad,2025-11-23
926,Customer 926,Mumbai,2025-10-25
927,Customer 927,Hyderabad,2026-05-28
928,Customer 928,Bangalore,2026-03-12
929,Customer 929,Hyderabad,2025-01-14
930,Customer 930,Mumbai,2024-10-26
931,Customer 931,Hyderabad,2024-12-20
932,Customer 932,Delhi,2025-01-31
933,Customer 933,Mumbai,2026-08-02
934,Customer 934,Mumbai,2024-11-13
935,Customer 935,Pune,2025-12-03
936,Customer 936,Chennai,2025-01-23
937,Customer 937,Bangalore,2024-11-15
938,Customer 938,Mumbai,2024-11-27
939,Customer 939,Hyderabad,2024-11-12
940,Customer 940,Ahmedabad,2025-04-24
941,Customer 941,Delhi,2025-07-12
942,Customer 942,Delhi,2026-06-18
943,Customer 943,Chennai,2026-03-23
944,Customer 944,Bangalore,2025-04-23
945,Customer 945,Bangalore,2025-09-17
946,Customer 946,Hyderabad,2025-10-15
947,Customer 947,Kolkata,2025-10-09
948,Customer 948,Pune,2025-09-12
949,Customer 949,Ahmedabad,2026-04-20
950,Customer 950,Pune,2025-03-22
951,Customer 951,Hyderabad,2025-10-09
952,Customer 952,Delhi,2026-04-28
953,Customer 953,Delhi,2025-12-21
954,Customer 954,Mumbai,2026-07-11
955,Customer 955,Delhi,2025-08-03
956,Customer 956,Kolkata,2025-06-29
957,Customer 957,Delhi,2026-03-21
958,Customer 958,Pune,2025-01-17
959,Customer 959,Chennai,2026-02-18
960,Customer 960,Pune,2025-04-08
961,Customer 961,Ahmedabad,2025-05-10
962,Customer 962,Bangalore,2025-10-20
963,Customer 963,Bangalore,2026-05-31
964,Customer 964,Ahmedabad,2025-04-01
965,Customer 965,Bangalore,2025-12-28
966,Customer 966,Delhi,2025-09-04
967,Customer 967,Mumbai,2025-11-16
968,Customer 968,Bangalore,2024-10-31
969,Customer 969,Chennai,2025-11-12
970,Customer 970,Hyderabad,2026-05-13
971,Customer 971,Bangalore,2025-12-04
972,Customer 972,Chennai,2025-07-15
973,Customer 973,Delhi,2025-07-17
974,Customer 974,Mumbai,2025-02-02
975,Customer 975,Mumbai,2025-02-11
976,Customer 976,Delhi,2025-08-01
977,Customer 977,Bangalore,2025-02-14
978,Customer 978,Delhi,2024-12-01
979,Customer 979,Chennai,2026-05-02
980,Customer 980,Mumbai,2026-05-24
981,Customer 981,Bangalore,2025-09-18
982,Customer 982,Hyderabad,2025-08-22
983,Customer 983,Pune,2026-02-09
984,Customer 984,Hyderabad,2025-07-16
985,Customer 985,Bangalore,2026-07-16
986,Customer 986,Mumbai,2025-09-24
987,Customer 987,Pune,2025-03-18
988,Customer 988,Bangalore,2024-12-19
989,Customer 989,Kolkata,2026-04-10
990,Customer 990,Delhi,2024-12-12
991,Customer 991,Delhi,2025-07-25
992,Customer 992,Ahmedabad,2025-10-29
993,Customer 993,Hyderabad,2025-03-30
994,Customer 994,Pune,2025-03-04
995,Customer 995,Bangalore,2025-02-01
996,Customer 996,Delhi,2026-08-14
997,Customer 997,Delhi,2024-10-11
998,Customer 998,Mumbai,2025-07-01
999,Customer 999,Hyderabad,2024-11-25
1000,Customer 1000,Mumbai,2025-05-03
1001,Customer 1001,Delhi,2024-10-29
1002,Customer 1002,Pune,2025-01-16
1003,Customer 1003,Hyderabad,2026-07-10
1004,Customer 1004,Hyderabad,2026-03-10
1005,Customer 1005,Bangalore,2024-12-05
1006,Customer 1006,Pune,2025-08-07
1007,Customer 1007,Mumbai,2024-10-03
1008,Customer 1008,Delhi,2025-01-22
1009,Customer 1009,Ahmedabad,2026-05-11
1010,Customer 1010,Mumbai,2025-06-06
1011,Customer 1011,Delhi,2026-03-29
1012,Customer 1012,Bangalore,2026-02-04
1013,Customer 1013,Bangalore,2024-12-13
1014,Customer 1014,Kolkata,2026-06-29
1015,Customer 1015,Chennai,2025-03-18
1016,Customer 1016,Delhi,2025-10-03
1017,Customer 1017,Ahmedabad,2025-04-29
1018,Customer 1018,Bangalore,2025-10-14
1019,Customer 1019,Ahmedabad,2025-05-18
1020,Customer 1020,Kolkata,2025-09-15
1021,Customer 1021,Hyderabad,2024-10-08
1022,Customer 1022,Pune,2024-10-03
1023,Customer 1023,Chennai,2025-12-04
1024,Customer 1024,Hyderabad,2026-02-16
1025,Customer 1025,Ahmedabad,2025-11-19
1026,Customer 1026,Hyderabad,2026-01-13
1027,Customer 1027,Ahmedabad,2025-10-31
1028,Customer 1028,Pune,2026-01-31
1029,Customer 1029,Chennai,2025-04-18
1030,Customer 1030,Delhi,2025-09-08
1031,Customer 1031,Hyderabad,2025-11-24
1032,Customer 1032,Delhi,2025-01-21
1033,Customer 1033,Chennai,2025-08-08
1034,Customer 1034,Kolkata,2025-07-23
1035,Customer 1035,Pune,2026-04-04
1036,Customer 1036,Delhi,2025-11-10
1037,Customer 1037,Ahmedabad,2026-06-12
1038,Customer 1038,Delhi,2025-06-05
1039,Customer 1039,Chennai,2025-04-28
1040,Customer 1040,Delhi,2025-02-26
1041,Customer 1041,Delhi,2025-02-02
1042,Customer 1042,Chennai,2026-04-13
1043,Customer 1043,Mumbai,2025-01-08
1044,Customer 1044,Delhi,2026-07-11
1045,Customer 1045,Chennai,2025-03-06
1046,Customer 1046,Delhi,2026-01-05
1047,Customer 1047,Mumbai,2025-07-04
1048,Customer 1048,Delhi,2025-05-05
1049,Customer 1049,Mumbai,2026-04-13
1050,Customer 1050,Mumbai,2025-02-14
1051,Customer 1051,Ahmedabad,2026-03-23
1052,Customer 1052,Bangalore,2025-05-01
1053,Customer 1053,Bangalore,2026-02-08
1054,Customer 1054,Pune,2025-11-10
1055,Customer 1055,Delhi,2024-11-08
1056,Customer 1056,Mumbai,2026-06-01
1057,Customer 1057,Chennai,2026-01-06
1058,Customer 1058,Hyderabad,2026-07-24
1059,Customer 1059,Kolkata,2026-03-05
1060,Customer 1060,Bangalore,2026-03-04
1061,Customer 1061,Ahmedabad,2026-07-25
1062,Customer 1062,Ahmedabad,2025-07-21
1063,Customer 1063,Pune,2026-02-22
1064,Customer 1064,Ahmedabad,2025-11-08
1065,Customer 1065,Kolkata,2026-08-22
1066,Customer 1066,Delhi,2024-12-22
1067,Customer 1067,Mumbai,2025-09-22
1068,Customer 1068,Delhi,2024-11-13
1069,Customer 1069,Hyderabad,2025-04-13
1070,Customer 1070,Kolkata,2026-04-16
1071,Customer 1071,Kolkata,2025-05-09
1072,Customer 1072,Delhi,2026-05-08
1073,Customer 1073,Delhi,2025-05-19
1074,Customer 1074,Chennai,2026-02-22
1075,Customer 1075,Mumbai,2025-09-20
1076,Customer 1076,Pune,2025-01-27
1077,Customer 1077,Chennai,2026-02-15
1078,Customer 1078,Mumbai,2024-11-15
1079,Customer 1079,Kolkata,2025-06-20
1080,Customer 1080,Bangalore,2026-06-04
1081,Customer 1081,Bangalore,2026-05-26
1082,Customer 1082,Mumbai,2026-04-10
1083,Customer 1083,Bangalore,2025-12-20
1084,Customer 1084,Mumbai,2025-08-04
1085,Customer 1085,Delhi,2025-12-01
1086,Customer 1086,Ahmedabad,2025-10-26
1087,Customer 1087,Hyderabad,2025-01-22
1088,Customer 1088,Mumbai,2024-10-31
1089,Customer 1089,Delhi,2026-01-02
1090,Customer 1090,Mumbai,2026-05-02
1091,Customer 1091,Bangalore,2026-03-21
1092,Customer 1092,Bangalore,2025-04-04
1093,Customer 1093,Kolkata,2025-10-17
1094,Customer 1094,Chennai,2024-11-15
1095,Customer 1095,Kolkata,2025-11-02
1096,Customer 1096,Delhi,2026-01-17
1097,Customer 1097,Delhi,2026-04-17
1098,Customer 1098,Bangalore,2025-05-23
1099,Customer 1099,Pune,2024-12-19
1100,Customer 1100,Delhi,2025-02-15
1101,Customer 1101,Kolkata,2025-02-27
1102,Customer 1102,Pune,2026-01-20
1103,Customer 1103,Pune,2024-10-04
1104,Customer 1104,Pune,2026-06-09
1105,Customer 1105,Bangalore,2025-03-09
1106,Customer 1106,Chennai,2026-06-13
1107,Customer 1107,Kolkata,2026-05-09
1108,Customer 1108,Mumbai,2025-02-17
1109,Customer 1109,Kolkata,2026-02-05
1110,Customer 1110,Hyderabad,2026-03-31
1111,Customer 1111,Mumbai,2025-03-17
1112,Customer 1112,Bangalore,2024-10-04
1113,Customer 1113,Delhi,2025-01-11
1114,Customer 1114,Bangalore,2025-03-27
1115,Customer 1115,Bangalore,2026-07-06
1116,Customer 1116,Bangalore,2025-03-24
1117,Customer 1117,Bangalore,2025-01-31
1118,Customer 1118,Mumbai,2025-05-15
1119,Customer 1119,Chennai,2025-10-20
1120,Customer 1120,Chennai,2025-07-22
1121,Customer 1121,Delhi,2026-08-28
1122,Customer 1122,Pune,2025-01-16
1123,Customer 1123,Mumbai,2025-06-24
1124,Customer 1124,Delhi,2026-06-27
1125,Customer 1125,Hyderabad,2026-07-01
1126,Customer 1126,Ahmedabad,2026-06-22
1127,Customer 1127,Ahmedabad,2025-05-05
1128,Customer 1128,Mumbai,2025-07-09
1129,Customer 1129,Mumbai,2026-04-15
1130,Customer 1130,Pune,2024-11-08
1131,Customer 1131,Ahmedabad,2025-08-13
1132,Customer 1132,Ahmedabad,2025-08-05
1133,Customer 1133,Bangalore,2025-08-10
1134,Customer 1134,Delhi,2024-10-01
1135,Customer 1135,Ahmedabad,2025-02-25
1136,Customer 1136,Mumbai,2025-09-09
1137,Customer 1137,Mumbai,2025-02-27
1138,Customer 1138,Bangalore,2026-04-23
1139,Customer 1139,Chennai,2026-01-15
1140,Customer 1140,Pune,2026-08-08
1141,Customer 1141,Ahmedabad,2025-05-14
1142,Customer 1142,Chennai,2025-02-20
1143,Customer 1143,Bangalore,2025-08-08
1144,Customer 1144,Pune,2025-12-21
1145,Customer 1145,Bangalore,2026-03-26
1146,Customer 1146,Delhi,2026-05-08
1147,Customer 1147,Mumbai,2024-10-24
1148,Customer 1148,Bangalore,2026-08-15
1149,Customer 1149,Delhi,2026-06-24
1150,Customer 1150,Mumbai,2026-07-28
1151,Customer 1151,Bangalore,2024-10-12
1152,Customer 1152,Chennai,2026-07-13
1153,Customer 1153,Delhi,2026-07-17
1154,Customer 1154,Bangalore,2026-01-04
1155,Customer 1155,Hyderabad,2026-07-05
1156,Customer 1156,Mumbai,2025-11-08
1157,Customer 1157,Delhi,2025-01-19
1158,Customer 1158,Delhi,2024-12-27
1159,Customer 1159,Pune,2025-10-07
1160,Customer 1160,Delhi,2026-04-07
1161,Customer 1161,Ahmedabad,2025-03-16
1162,Customer 1162,Delhi,2025-10-28
1163,Customer 1163,Delhi,2025-02-07
1164,Customer 1164,Ahmedabad,2026-03-05
1165,Customer 1165,Hyderabad,2025-06-20
1166,Customer 1166,Hyderabad,2026-07-14
1167,Customer 1167,Ahmedabad,2024-11-11
1168,Customer 1168,Chennai,2025-03-12
1169,Customer 1169,Delhi,2025-07-01
1170,Customer 1170,Bangalore,2025-10-28
1171,Customer 1171,Delhi,2025-02-27
1172,Customer 1172,Bangalore,2026-01-13
1173,Customer 1173,Delhi,2026-04-06
1174,Customer 1174,Pune,2026-07-03
1175,Customer 1175,Hyderabad,2025-07-01
1176,Customer 1176,Hyderabad,2026-04-16
1177,Customer 1177,Bangalore,2025-12-13
1178,Customer 1178,Delhi,2024-11-07
1179,Customer 1179,Mumbai,2025-05-28
1180,Customer 1180,Pune,2026-05-29
1181,Customer 1181,Hyderabad,2026-02-17
1182,Customer 1182,Mumbai,2025-08-10
1183,Customer 1183,Chennai,2024-12-22
1184,Customer 1184,Mumbai,2026-06-18
1185,Customer 1185,Mumbai,2025-01-07
1186,Customer 1186,Chennai,2025-02-05
1187,Customer 1187,Delhi,2026-01-30
1188,Customer 1188,Kolkata,2025-09-25
1189,Customer 1189,Delhi,2026-08-16
1190,Customer 1190,Delhi,2026-02-18
1191,Customer 1191,Ahmedabad,2026-05-03
1192,Customer 1192,Pune,2025-04-28
1193,Customer 1193,Kolkata,2024-12-21
1194,Customer 1194,Chennai,2025-07-21
1195,Customer 1195,Kolkata,2025-02-12
1196,Customer 1196,Delhi,2025-11-15
1197,Customer 1197,Bangalore,2025-03-03
1198,Customer 1198,Chennai,2025-10-20
1199,Customer 1199,Delhi,2025-03-24
1200,Customer 1200,Kolkata,2025-05-11
1201,Customer 1201,Mumbai,2025-05-08
1202,Customer 1202,Pune,2025-10-08
1203,Customer 1203,Kolkata,2025-08-17
1204,Customer 1204,Delhi,2026-07-16
1205,Customer 1205,Hyderabad,2026-01-17
1206,Customer 1206,Pune,2026-08-15
1207,Customer 1207,Delhi,2025-01-10
1208,Customer 1208,Hyderabad,2025-06-30
1209,Customer 1209,Delhi,2026-02-12
1210,Customer 1210,Delhi,2025-08-08
1211,Customer 1211,Hyderabad,2025-12-23
1212,Customer 1212,Bangalore,2024-10-30
1213,Customer 1213,Ahmedabad,2025-09-20
1214,Customer 1214,Delhi,2025-04-18
1215,Customer 1215,Ahmedabad,2024-11-12
1216,Customer 1216,Pune,2025-05-17
1217,Customer 1217,Mumbai,2025-09-05
1218,Customer 1218,Mumbai,2025-02-18
1219,Customer 1219,Bangalore,2025-02-22
1220,Customer 1220,Ahmedabad,2026-07-02
1221,Customer 1221,Bangalore,2026-06-16
1222,Customer 1222,Ahmedabad,2024-10-16
1223,Customer 1223,Mumbai,2026-08-25
1224,Customer 1224,Bangalore,2024-11-24
1225,Customer 1225,Delhi,2026-03-30
1226,Customer 1226,Mumbai,2025-04-01
1227,Customer 1227,Bangalore,2026-07-01
1228,Customer 1228,Hyderabad,2024-10-18
1229,Customer 1229,Ahmedabad,2025-04-24
1230,Customer 1230,Chennai,2026-08-15
1231,Customer 1231,Mumbai,2025-02-13
1232,Customer 1232,Bangalore,2026-08-14
1233,Customer 1233,Bangalore,2025-11-23
1234,Customer 1234,Hyderabad,2025-11-11
1235,Customer 1235,Mumbai,2024-10-10
1236,Customer 1236,Bangalore,2026-03-01
1237,Customer 1237,Mumbai,2026-05-25
1238,Customer 1238,Bangalore,2025-12-28
1239,Customer 1239,Mumbai,2025-03-10
1240,Customer 1240,Delhi,2025-09-03
1241,Customer 1241,Delhi,2025-07-21
1242,Customer 1242,Mumbai,2025-07-12
1243,Customer 1243,Bangalore,2025-12-25
1244,Customer 1244,Ahmedabad,2026-01-12
1245,Customer 1245,Delhi,2026-06-10
1246,Customer 1246,Chennai,2024-11-04
1247,Customer 1247,Pune,2026-05-28
1248,Customer 1248,Bangalore,2025-08-10
1249,Customer 1249,Hyderabad,2026-07-05
1250,Customer 1250,Chennai,2026-03-09
1251,Customer 1251,Mumbai,2025-06-13
1252,Customer 1252,Chennai,2025-09-26
1253,Customer 1253,Hyderabad,2026-05-26
1254,Customer 1254,Kolkata,2026-07-19
1255,Customer 1255,Delhi,2025-01-28
1256,Customer 1256,Bangalore,2026-07-15
1257,Customer 1257,Kolkata,2024-09-30
1258,Customer 1258,Kolkata,2025-02-21
1259,Customer 1259,Hyderabad,2026-07-29
1260,Customer 1260,Mumbai,2025-10-13
1261,Customer 1261,Mumbai,2026-01-31
1262,Customer 1262,Hyderabad,2025-07-20
1263,Customer 1263,Kolkata,2025-10-29
1264,Customer 1264,Mumbai,2025-12-28
1265,Customer 1265,Hyderabad,2025-07-29
1266,Customer 1266,Chennai,2025-02-24
1267,Customer 1267,Delhi,2026-04-10
1268,Customer 1268,Pune,2026-06-12
1269,Customer 1269,Bangalore,2025-09-11
1270,Customer 1270,Mumbai,2025-06-10
1271,Customer 1271,Delhi,2026-06-15
1272,Customer 1272,Delhi,2024-12-11
1273,Customer 1273,Ahmedabad,2025-07-21
1274,Customer 1274,Ahmedabad,2025-10-01
1275,Customer 1275,Mumbai,2025-11-25
1276,Customer 1276,Pune,2025-05-27
1277,Customer 1277,Bangalore,2025-09-01
1278,Customer 1278,Hyderabad,2025-08-12
1279,Customer 1279,Bangalore,2024-10-04
1280,Customer 1280,Hyderabad,2025-08-07
1281,Customer 1281,Mumbai,2024-12-06
1282,Customer 1282,Delhi,2025-12-22
1283,Customer 1283,Chennai,2026-06-08
1284,Customer 1284,Delhi,2025-08-07
1285,Customer 1285,Chennai,2024-11-20
1286,Customer 1286,Mumbai,2025-07-29
1287,Customer 1287,Delhi,2026-05-14
1288,Customer 1288,Mumbai,2025-10-20
1289,Customer 1289,Bangalore,2025-11-28
1290,Customer 1290,Mumbai,2026-06-03
1291,Customer 1291,Mumbai,2025-05-29
1292,Customer 1292,Hyderabad,2025-03-25
1293,Customer 1293,Bangalore,2026-08-05
1294,Customer 1294,Mumbai,2025-02-10
1295,Customer 1295,Mumbai,2024-12-27
1296,Customer 1296,Pune,2025-08-02
1297,Customer 1297,Mumbai,2025-07-04
1298,Customer 1298,Bangalore,2026-06-06
1299,Customer 1299,Chennai,2025-02-05
1300,Customer 1300,Kolkata,2025-12-26
1301,Customer 1301,Hyderabad,2026-03-11
1302,Customer 1302,Chennai,2026-03-11
1303,Customer 1303,Mumbai,2025-10-27
1304,Customer 1304,Delhi,2026-04-04
1305,Customer 1305,Mumbai,2025-06-12
1306,Customer 1306,Delhi,2025-10-29
1307,Customer 1307,Bangalore,2026-06-14
1308,Customer 1308,Delhi,2025-12-22
1309,Customer 1309,Chennai,2025-04-11
1310,Customer 1310,Hyderabad,2026-02-12
1311,Customer 1311,Bangalore,2026-04-15
1312,Customer 1312,Delhi,2025-07-22
1313,Customer 1313,Delhi,2024-12-04
1314,Customer 1314,Delhi,2025-09-28
1315,Customer 1315,Bangalore,2025-06-17
1316,Customer 1316,Pune,2024-11-03
1317,Customer 1317,Ahmedabad,2026-04-14
1318,Customer 1318,Delhi,2024-12-22
1319,Customer 1319,Ahmedabad,2026-02-07
1320,Customer 1320,Bangalore,2026-03-03
1321,Customer 1321,Ahmedabad,2025-10-09
1322,Customer 1322,Delhi,2024-11-21
1323,Customer 1323,Bangalore,2025-01-19
1324,Customer 1324,Pune,2025-10-02
1325,Customer 1325,Delhi,2025-07-25
1326,Customer 1326,Delhi,2025-01-31
1327,Customer 1327,Mumbai,2025-02-19
1328,Customer 1328,Mumbai,2025-02-14
1329,Customer 1329,Mumbai,2025-05-16
1330,Customer 1330,Ahmedabad,2026-01-29
1331,Customer 1331,Bangalore,2025-11-06
1332,Customer 1332,Pune,2026-06-22
1333,Customer 1333,Pune,2025-07-09
1334,Customer 1334,Chennai,2026-04-11
1335,Customer 1335,Chennai,2025-12-27
1336,Customer 1336,Delhi,2026-03-27
1337,Customer 1337,Chennai,2025-08-10
1338,Customer 1338,Mumbai,2024-12-27
1339,Customer 1339,Bangalore,2025-07-17
1340,Customer 1340,Hyderabad,2025-06-29
1341,Customer 1341,Hyderabad,2025-08-28
1342,Customer 1342,Chennai,2025-02-28
1343,Customer 1343,Hyderabad,2026-06-05
1344,Customer 1344,Mumbai,2025-12-20
1345,Customer 1345,Chennai,2025-09-02
1346,Customer 1346,Mumbai,2024-12-12
1347,Customer 1347,Mumbai,2024-11-09
1348,Customer 1348,Chennai,2025-07-18
1349,Customer 1349,Ahmedabad,2025-09-26
1350,Customer 1350,Ahmedabad,2025-06-17
1351,Customer 1351,Mumbai,2026-05-23
1352,Customer 1352,Delhi,2025-03-27
1353,Customer 1353,Pune,2025-02-06
1354,Customer 1354,Hyderabad,2025-01-19
1355,Customer 1355,Delhi,2025-08-13
1356,Customer 1356,Bangalore,2024-10-05
1357,Customer 1357,Hyderabad,2025-04-06
1358,Customer 1358,Mumbai,2026-08-06
1359,Customer 1359,Bangalore,2025-11-02
1360,Customer 1360,Bangalore,2026-06-05
1361,Customer 1361,Mumbai,2026-04-08
1362,Customer 1362,Delhi,2025-09-14
1363,Customer 1363,Bangalore,2026-02-01
1364,Customer 1364,Bangalore,2025-09-09
1365,Customer 1365,Bangalore,2025-06-09
1366,Customer 1366,Chennai,2025-05-25
1367,Customer 1367,Delhi,2025-10-28
1368,Customer 1368,Mumbai,2026-05-06
1369,Customer 1369,Mumbai,2025-09-14
1370,Customer 1370,Chennai,2024-10-07
1371,Customer 1371,Pune,2025-12-25
1372,Customer 1372,Bangalore,2025-02-12
1373,Customer 1373,Mumbai,2025-02-04
1374,Customer 1374,Bangalore,2025-05-15
1375,Customer 1375,Delhi,2025-07-13
1376,Customer 1376,Hyderabad,2026-02-22
1377,Customer 1377,Chennai,2025-06-15
1378,Customer 1378,Bangalore,2024-12-11
1379,Customer 1379,Kolkata,2025-05-28
1380,Customer 1380,Hyderabad,2025-07-29
1381,Customer 1381,Mumbai,2026-01-24
1382,Customer 1382,Delhi,2026-06-28
1383,Customer 1383,Hyderabad,2025-02-28
1384,Customer 1384,Mumbai,2025-10-02
1385,Customer 1385,Mumbai,2026-05-07
1386,Customer 1386,Delhi,2025-04-17
1387,Customer 1387,Bangalore,2024-11-15
1388,Customer 1388,Delhi,2025-07-30
1389,Customer 1389,Hyderabad,2025-01-07
1390,Customer 1390,Mumbai,2025-09-05
1391,Customer 1391,Pune,2024-12-07
1392,Customer 1392,Mumbai,2024-10-11
1393,Customer 1393,Chennai,2025-10-31
1394,Customer 1394,Kolkata,2025-01-04
1395,Customer 1395,Mumbai,2026-04-16
1396,Customer 1396,Delhi,2025-12-30
1397,Customer 1397,Delhi,2026-02-25
1398,Customer 1398,Delhi,2026-04-09
1399,Customer 1399,Bangalore,2025-06-29
1400,Customer 1400,Hyderabad,2025-01-20
1401,Customer 1401,Bangalore,2026-02-22
1402,Customer 1402,Bangalore,2025-02-27
1403,Customer 1403,Chennai,2024-11-09
1404,Customer 1404,Ahmedabad,2026-03-07
1405,Customer 1405,Hyderabad,2025-04-17
1406,Customer 1406,Delhi,2026-02-21
1407,Customer 1407,Delhi,2025-05-27
1408,Customer 1408,Hyderabad,2025-08-29
1409,Customer 1409,Ahmedabad,2025-04-22
1410,Customer 1410,Mumbai,2025-08-03
1411,Customer 1411,Ahmedabad,2025-04-01
1412,Customer 1412,Chennai,2025-07-09
1413,Customer 1413,Chennai,2025-07-02
1414,Customer 1414,Chennai,2025-06-03
1415,Customer 1415,Bangalore,2026-06-08
1416,Customer 1416,Hyderabad,2026-01-18
1417,Customer 1417,Delhi,2025-11-23
1418,Customer 1418,Delhi,2025-11-09
1419,Customer 1419,Mumbai,2025-05-20
1420,Customer 1420,Hyderabad,2025-04-11
1421,Customer 1421,Hyderabad,2026-05-08
1422,Customer 1422,Hyderabad,2025-11-30
1423,Customer 1423,Pune,2025-08-21
1424,Customer 1424,Hyderabad,2026-07-20
1425,Customer 1425,Pune,2025-06-06
1426,Customer 1426,Hyderabad,2025-06-22
1427,Customer 1427,Mumbai,2024-10-31
1428,Customer 1428,Pune,2025-10-31
1429,Customer 1429,Kolkata,2026-07-29
1430,Customer 1430,Bangalore,2025-09-09
1431,Customer 1431,Kolkata,2026-06-03
1432,Customer 1432,Bangalore,2026-05-03
1433,Customer 1433,Pune,2026-01-01
1434,Customer 1434,Delhi,2025-01-06
1435,Customer 1435,Chennai,2024-12-15
1436,Customer 1436,Chennai,2026-03-15
1437,Customer 1437,Hyderabad,2026-02-01
1438,Customer 1438,Pune,2026-07-02
1439,Customer 1439,Hyderabad,2025-03-04
1440,Customer 1440,Delhi,2025-02-26
1441,Customer 1441,Mumbai,2025-11-05
1442,Customer 1442,Delhi,2025-12-01
1443,Customer 1443,Ahmedabad,2025-03-23
1444,Customer 1444,Ahmedabad,2024-10-05
1445,Customer 1445,Pune,2026-04-15
1446,Customer 1446,Ahmedabad,2025-07-06
1447,Customer 1447,Kolkata,2025-11-21
1448,Customer 1448,Kolkata,2026-04-24
1449,Customer 1449,Chennai,2026-04-18
1450,Customer 1450,Delhi,2025-10-06
1451,Customer 1451,Pune,2024-10-08
1452,Customer 1452,Bangalore,2026-04-08
1453,Customer 1453,Hyderabad,2025-11-29
1454,Customer 1454,Hyderabad,2025-08-12
1455,Customer 1455,Bangalore,2024-11-21
1456,Customer 1456,Pune,2026-05-28
1457,Customer 1457,Bangalore,2025-11-20
1458,Customer 1458,Chennai,2025-08-19
1459,Customer 1459,Bangalore,2025-04-19
1460,Customer 1460,Delhi,2026-08-29
1461,Customer 1461,Kolkata,2026-05-28
1462,Customer 1462,Pune,2025-05-19
1463,Customer 1463,Chennai,2025-08-30
1464,Customer 1464,Kolkata,2025-03-02
1465,Customer 1465,Bangalore,2025-06-18
1466,Customer 1466,Pune,2025-04-12
1467,Customer 1467,Delhi,2025-11-14
1468,Customer 1468,Delhi,2025-01-17
1469,Customer 1469,Mumbai,2025-04-22
1470,Customer 1470,Pune,2024-10-02
1471,Customer 1471,Pune,2026-07-15
1472,Customer 1472,Mumbai,2025-05-18
1473,Customer 1473,Mumbai,2026-03-23
1474,Customer 1474,Bangalore,2026-08-31
1475,Customer 1475,Ahmedabad,2025-06-19
1476,Customer 1476,Delhi,2026-04-18
1477,Customer 1477,Kolkata,2025-10-26
1478,Customer 1478,Mumbai,2025-11-24
1479,Customer 1479,Mumbai,2025-08-27
1480,Customer 1480,Delhi,2025-08-16
1481,Customer 1481,Chennai,2024-11-05
1482,Customer 1482,Mumbai,2025-07-22
1483,Customer 1483,Hyderabad,2026-01-04
1484,Customer 1484,Bangalore,2026-05-30
1485,Customer 1485,Chennai,2026-08-30
1486,Customer 1486,Delhi,2026-06-13
1487,Customer 1487,Mumbai,2026-01-12
1488,Customer 1488,Bangalore,2025-06-02
1489,Customer 1489,Mumbai,2025-09-14
1490,Customer 1490,Pune,2025-06-25
1491,Customer 1491,Chennai,2025-04-29
1492,Customer 1492,Mumbai,2025-08-04
1493,Customer 1493,Mumbai,2026-05-19
1494,Customer 1494,Mumbai,2025-08-20
1495,Customer 1495,Kolkata,2026-04-13
1496,Customer 1496,Bangalore,2026-04-17
1497,Customer 1497,Chennai,2024-10-07
1498,Customer 1498,Mumbai,2025-03-06
1499,Customer 1499,Hyderabad,2024-12-15
1500,Customer 1500,Chennai,2025-06-07
1501,Customer 1501,Delhi,2026-01-25
1502,Customer 1502,Hyderabad,2026-03-29
1503,Customer 1503,Kolkata,2024-12-09
1504,Customer 1504,Chennai,2026-01-21
1505,Customer 1505,Mumbai,2026-05-21
1506,Customer 1506,Mumbai,2026-04-27
1507,Customer 1507,Hyderabad,2025-08-03
1508,Customer 1508,Delhi,2025-06-18
1509,Customer 1509,Delhi,2026-04-10
1510,Customer 1510,Delhi,2024-11-09
1511,Customer 1511,Mumbai,2025-02-11
1512,Customer 1512,Hyderabad,2024-12-17
1513,Customer 1513,Delhi,2026-08-04
1514,Customer 1514,Pune,2024-10-26
1515,Customer 1515,Kolkata,2026-02-02
1516,Customer 1516,Bangalore,2025-03-28
1517,Customer 1517,Mumbai,2025-07-26
1518,Customer 1518,Delhi,2026-07-07
1519,Customer 1519,Pune,2025-12-29
1520,Customer 1520,Bangalore,2026-05-08
1521,Customer 1521,Delhi,2024-11-16
1522,Customer 1522,Hyderabad,2025-03-09
1523,Customer 1523,Kolkata,2026-08-19
1524,Customer 1524,Ahmedabad,2025-10-11
1525,Customer 1525,Mumbai,2025-01-26
1526,Customer 1526,Bangalore,2025-02-18
1527,Customer 1527,Chennai,2025-05-06
1528,Customer 1528,Ahmedabad,2026-06-18
1529,Customer 1529,Mumbai,2026-06-23
1530,Customer 1530,Mumbai,2026-01-23
1531,Customer 1531,Mumbai,2026-07-01
1532,Customer 1532,Ahmedabad,2025-07-20
1533,Customer 1533,Bangalore,2024-11-26
1534,Customer 1534,Chennai,2025-07-02
1535,Customer 1535,Bangalore,2025-07-16
1536,Customer 1536,Mumbai,2025-02-28
1537,Customer 1537,Hyderabad,2026-03-28
1538,Customer 1538,Delhi,2025-10-18
1539,Customer 1539,Mumbai,2026-02-04
1540,Customer 1540,Ahmedabad,2026-03-25
1541,Customer 1541,Hyderabad,2025-07-27
1542,Customer 1542,Hyderabad,2024-11-04
1543,Customer 1543,Chennai,2026-06-25
1544,Customer 1544,Delhi,2025-06-10
1545,Customer 1545,Chennai,2025-12-30
1546,Customer 1546,Mumbai,2026-06-04
1547,Customer 1547,Kolkata,2026-05-05
1548,Customer 1548,Bangalore,2024-12-16
1549,Customer 1549,Mumbai,2024-10-18
1550,Customer 1550,Pune,2026-03-05
1551,Customer 1551,Mumbai,2026-04-13
1552,Customer 1552,Chennai,2026-03-17
1553,Customer 1553,Bangalore,2025-09-10
1554,Customer 1554,Bangalore,2025-12-09
1555,Customer 1555,Mumbai,2026-04-24
1556,Customer 1556,Pune,2025-11-29
1557,Customer 1557,Pune,2026-05-03
1558,Customer 1558,Pune,2026-08-01
1559,Customer 1559,Delhi,2025-06-18
1560,Customer 1560,Delhi,2026-06-27
1561,Customer 1561,Delhi,2025-01-18
1562,Customer 1562,Hyderabad,2025-04-10
1563,Customer 1563,Bangalore,2025-08-28
1564,Customer 1564,Mumbai,2025-01-28
1565,Customer 1565,Mumbai,2026-03-23
1566,Customer 1566,Delhi,2026-05-18
1567,Customer 1567,Kolkata,2024-10-10
1568,Customer 1568,Chennai,2026-01-10
1569,Customer 1569,Pune,2026-08-29
1570,Customer 1570,Mumbai,2026-08-19
1571,Customer 1571,Delhi,2025-05-05
1572,Customer 1572,Delhi,2026-03-31
1573,Customer 1573,Mumbai,2026-07-26
1574,Customer 1574,Hyderabad,2024-10-29
1575,Customer 1575,Bangalore,2025-10-06
1576,Customer 1576,Delhi,2025-10-08
1577,Customer 1577,Delhi,2026-06-13
1578,Customer 1578,Hyderabad,2026-05-01
1579,Customer 1579,Bangalore,2026-07-09
1580,Customer 1580,Mumbai,2025-03-21
1581,Customer 1581,Ahmedabad,2025-07-17
1582,Customer 1582,Mumbai,2025-05-12
1583,Customer 1583,Kolkata,2025-10-17
1584,Customer 1584,Delhi,2025-02-11
1585,Customer 1585,Bangalore,2025-08-19
1586,Customer 1586,Delhi,2025-01-31
1587,Customer 1587,Pune,2024-12-02
1588,Customer 1588,Delhi,2025-08-19
1589,Customer 1589,Hyderabad,2025-04-13
1590,Customer 1590,Ahmedabad,2026-02-12
1591,Customer 1591,Pune,2025-02-18
1592,Customer 1592,Pune,2025-12-23
1593,Customer 1593,Mumbai,2025-07-08
1594,Customer 1594,Mumbai,2025-02-23
1595,Customer 1595,Delhi,2026-08-22
1596,Customer 1596,Ahmedabad,2026-08-30
1597,Customer 1597,Pune,2025-08-11
1598,Customer 1598,Pune,2025-10-21
1599,Customer 1599,Mumbai,2025-03-07
1600,Customer 1600,Ahmedabad,2025-06-28
